"c_chave";"c_codprod";"c_descr"
"0000003422";"00002";"CARNE BOVINA PATINHO"
"0000003552";"00002";"CARNE BOVINA PATINHO"
"0000003721";"00002";"CARNE BOVINA PATINHO"
"0000003943";"00002";"CARNE BOVINA PATINHO"
"0000004056";"00002";"CARNE BOVINA PATINHO"
"0000004155";"00002";"CARNE BOVINA PATINHO"
"0000004257";"00002";"CARNE BOVINA PATINHO"
"0000004263";"00002";"CARNE BOVINA PATINHO"
"0000004366";"00002";"CARNE BOVINA PATINHO"
"0000004476";"00002";"CARNE BOVINA PATINHO"
"0000004537";"00002";"CARNE BOVINA PATINHO"
"0000004558";"00002";"CARNE BOVINA PATINHO"
"0000003422";"00005";"PEITO DE FRANGO"
"0000003552";"00005";"PEITO DE FRANGO"
"0000003721";"00005";"PEITO DE FRANGO"
"0000003943";"00005";"PEITO DE FRANGO"
"0000004056";"00005";"PEITO DE FRANGO"
"0000004155";"00005";"PEITO DE FRANGO"
"0000004257";"00005";"PEITO DE FRANGO"
"0000004263";"00005";"PEITO DE FRANGO"
"0000004366";"00005";"PEITO DE FRANGO"
"0000004476";"00005";"PEITO DE FRANGO"
"0000004537";"00005";"PEITO DE FRANGO"
"0000004558";"00005";"PEITO DE FRANGO"
"0000003422";"00008";"CARNE BOVINA COM OSSO TIPO COSTELA"
"0000003552";"00008";"CARNE BOVINA COM OSSO TIPO COSTELA"
"0000003721";"00008";"CARNE BOVINA COM OSSO TIPO COSTELA"
"0000003943";"00008";"CARNE BOVINA COM OSSO TIPO COSTELA"
"0000004056";"00008";"CARNE BOVINA COM OSSO TIPO COSTELA"
"0000004155";"00008";"CARNE BOVINA COM OSSO TIPO COSTELA"
"0000004257";"00008";"CARNE BOVINA COM OSSO TIPO COSTELA"
"0000004263";"00008";"CARNE BOVINA COM OSSO TIPO COSTELA"
"0000004366";"00008";"CARNE BOVINA COM OSSO TIPO COSTELA"
"0000004476";"00008";"CARNE BOVINA COM OSSO TIPO COSTELA"
"0000004537";"00008";"CARNE BOVINA COM OSSO TIPO COSTELA"
"0000004558";"00008";"CARNE BOVINA COM OSSO TIPO COSTELA"
"0000003422";"00013";"FRANGO RESFRIADO"
"0000003552";"00013";"FRANGO RESFRIADO"
"0000003721";"00013";"FRANGO RESFRIADO"
"0000003943";"00013";"FRANGO RESFRIADO"
"0000004056";"00013";"FRANGO RESFRIADO"
"0000004155";"00013";"FRANGO RESFRIADO"
"0000004257";"00013";"FRANGO RESFRIADO"
"0000004263";"00013";"FRANGO RESFRIADO"
"0000004366";"00013";"FRANGO RESFRIADO"
"0000004476";"00013";"FRANGO RESFRIADO"
"0000004537";"00013";"FRANGO RESFRIADO"
"0000004558";"00013";"FRANGO RESFRIADO"
"0000003422";"00018";"CARNE SUINA LOMBO"
"0000003552";"00018";"CARNE SUINA LOMBO"
"0000003721";"00018";"CARNE SUINA LOMBO"
"0000003943";"00018";"CARNE SUINA LOMBO"
"0000004056";"00018";"CARNE SUINA LOMBO"
"0000004155";"00018";"CARNE SUINA LOMBO"
"0000004257";"00018";"CARNE SUINA LOMBO"
"0000004263";"00018";"CARNE SUINA LOMBO"
"0000004366";"00018";"CARNE SUINA LOMBO"
"0000004476";"00018";"CARNE SUINA LOMBO"
"0000004537";"00018";"CARNE SUINA LOMBO"
"0000004558";"00018";"CARNE SUINA LOMBO"
"0000003421";"00034";"ALHO ARGENTINO CX"
"0000003551";"00034";"ALHO ARGENTINO CX"
"0000003720";"00034";"ALHO ARGENTINO CX"
"0000003945";"00034";"ALHO ARGENTINO CX"
"0000004058";"00034";"ALHO ARGENTINO CX"
"0000004155";"00034";"ALHO ARGENTINO CX"
"0000004257";"00034";"ALHO ARGENTINO CX"
"0000004263";"00034";"ALHO ARGENTINO CX"
"0000004366";"00034";"ALHO ARGENTINO CX"
"0000004477";"00034";"ALHO ARGENTINO CX"
"0000004537";"00034";"ALHO ARGENTINO CX"
"0000004558";"00034";"ALHO ARGENTINO CX"
"0000003420";"00053";"FERM.ROYAL UND 1 X 1 100G"
"0000003550";"00053";"FERM.ROYAL UND 1 X 1 100G"
"0000003550";"00053";"FERM.ROYAL UND 1 X 1 100G"
"0000003722";"00053";"FERM.ROYAL UND 1 X 1 100G"
"0000003944";"00053";"FERM.ROYAL UND 1 X 1 100G"
"0000004057";"00053";"FERM.ROYAL UND 1 X 1 100G"
"0000004155";"00053";"FERM.ROYAL UND 1 X 1 100G"
"0000004257";"00053";"FERM.ROYAL UND 1 X 1 100G"
"0000004263";"00053";"FERM.ROYAL UND 1 X 1 100G"
"0000004366";"00053";"FERM.ROYAL UND 1 X 1 100G"
"0000004475";"00053";"FERM.ROYAL UND 1 X 1 100G"
"0000004537";"00053";"FERM.ROYAL UND 1 X 1 100G"
"0000004558";"00053";"FERM.ROYAL UND 1 X 1 100G"
"0000003420";"00081";"DOCE DE GOIABA"
"0000003550";"00081";"DOCE DE GOIABA"
"0000003722";"00081";"DOCE DE GOIABA"
"0000003944";"00081";"DOCE DE GOIABA"
"0000004057";"00081";"DOCE DE GOIABA"
"0000004155";"00081";"DOCE DE GOIABA"
"0000004257";"00081";"DOCE DE GOIABA"
"0000004263";"00081";"DOCE DE GOIABA"
"0000004366";"00081";"DOCE DE GOIABA"
"0000004475";"00081";"DOCE DE GOIABA"
"0000004537";"00081";"DOCE DE GOIABA"
"0000004558";"00081";"DOCE DE GOIABA"
"0000003420";"00141";"CONDIMENTO MISTO SEM SAL"
"0000003550";"00141";"CONDIMENTO MISTO SEM SAL"
"0000003722";"00141";"CONDIMENTO MISTO SEM SAL"
"0000003944";"00141";"CONDIMENTO MISTO SEM SAL"
"0000004057";"00141";"CONDIMENTO MISTO SEM SAL"
"0000004155";"00141";"CONDIMENTO MISTO SEM SAL"
"0000004257";"00141";"CONDIMENTO MISTO SEM SAL"
"0000004263";"00141";"CONDIMENTO MISTO SEM SAL"
"0000004366";"00141";"CONDIMENTO MISTO SEM SAL"
"0000004475";"00141";"CONDIMENTO MISTO SEM SAL"
"0000004537";"00141";"CONDIMENTO MISTO SEM SAL"
"0000004558";"00141";"CONDIMENTO MISTO SEM SAL"
"0000003422";"00185";"LINGUICA TIPO CALABRESA"
"0000003552";"00185";"LINGUICA TIPO CALABRESA"
"0000003721";"00185";"LINGUICA TIPO CALABRESA"
"0000003943";"00185";"LINGUICA TIPO CALABRESA"
"0000004056";"00185";"LINGUICA TIPO CALABRESA"
"0000004155";"00185";"LINGUICA TIPO CALABRESA"
"0000004257";"00185";"LINGUICA TIPO CALABRESA"
"0000004263";"00185";"LINGUICA TIPO CALABRESA"
"0000004366";"00185";"LINGUICA TIPO CALABRESA"
"0000004476";"00185";"LINGUICA TIPO CALABRESA"
"0000004537";"00185";"LINGUICA TIPO CALABRESA"
"0000004558";"00185";"LINGUICA TIPO CALABRESA"
"0000003422";"00186";"COXA S/COXA CONG IND FRIATO CX20KG"
"0000003552";"00186";"COXA S/COXA CONG IND FRIATO CX20KG"
"0000003721";"00186";"COXA S/COXA CONG IND FRIATO CX20KG"
"0000003943";"00186";"COXA S/COXA CONG IND FRIATO CX20KG"
"0000004056";"00186";"COXA S/COXA CONG IND FRIATO CX20KG"
"0000004155";"00186";"COXA S/COXA CONG IND FRIATO CX20KG"
"0000004257";"00186";"COXA S/COXA CONG IND FRIATO CX20KG"
"0000004263";"00186";"COXA S/COXA CONG IND FRIATO CX20KG"
"0000004366";"00186";"COXA S/COXA CONG IND FRIATO CX20KG"
"0000004476";"00186";"COXA S/COXA CONG IND FRIATO CX20KG"
"0000004537";"00186";"COXA S/COXA CONG IND FRIATO CX20KG"
"0000004558";"00186";"COXA S/COXA CONG IND FRIATO CX20KG"
"0000003422";"00214";"CARNE BOVINA"
"0000003552";"00214";"CARNE BOVINA"
"0000003721";"00214";"CARNE BOVINA"
"0000003943";"00214";"CARNE BOVINA"
"0000004056";"00214";"CARNE BOVINA"
"0000004155";"00214";"CARNE BOVINA"
"0000004257";"00214";"CARNE BOVINA"
"0000004263";"00214";"CARNE BOVINA"
"0000004366";"00214";"CARNE BOVINA"
"0000004476";"00214";"CARNE BOVINA"
"0000004537";"00214";"CARNE BOVINA"
"0000004558";"00214";"CARNE BOVINA"
"0000003420";"00215";"FARINHA"
"0000003550";"00215";"FARINHA"
"0000003722";"00215";"FARINHA"
"0000003944";"00215";"FARINHA"
"0000004057";"00215";"FARINHA"
"0000004155";"00215";"FARINHA"
"0000004257";"00215";"FARINHA"
"0000004263";"00215";"FARINHA"
"0000004366";"00215";"FARINHA"
"0000004475";"00215";"FARINHA"
"0000004537";"00215";"FARINHA"
"0000004558";"00215";"FARINHA"
"0000003420";"00248";"ACUCAR"
"0000003550";"00248";"ACUCAR"
"0000003722";"00248";"ACUCAR"
"0000003944";"00248";"ACUCAR"
"0000004057";"00248";"ACUCAR"
"0000004155";"00248";"ACUCAR"
"0000004257";"00248";"ACUCAR"
"0000004263";"00248";"ACUCAR"
"0000004366";"00248";"ACUCAR"
"0000004475";"00248";"ACUCAR"
"0000004537";"00248";"ACUCAR"
"0000004558";"00248";"ACUCAR"
"0000003420";"00249";"AVEIA EM FLOCOS FINOS"
"0000003550";"00249";"AVEIA EM FLOCOS FINOS"
"0000003722";"00249";"AVEIA EM FLOCOS FINOS"
"0000003944";"00249";"AVEIA EM FLOCOS FINOS"
"0000004057";"00249";"AVEIA EM FLOCOS FINOS"
"0000004155";"00249";"AVEIA EM FLOCOS FINOS"
"0000004257";"00249";"AVEIA EM FLOCOS FINOS"
"0000004263";"00249";"AVEIA EM FLOCOS FINOS"
"0000004366";"00249";"AVEIA EM FLOCOS FINOS"
"0000004475";"00249";"AVEIA EM FLOCOS FINOS"
"0000004537";"00249";"AVEIA EM FLOCOS FINOS"
"0000004558";"00249";"AVEIA EM FLOCOS FINOS"
"0000003420";"00250";"BISCOITO DOCE TIPO MARIA PCT 400G"
"0000003550";"00250";"BISCOITO DOCE TIPO MARIA PCT 400G"
"0000003722";"00250";"BISCOITO DOCE TIPO MARIA PCT 400G"
"0000003944";"00250";"BISCOITO DOCE TIPO MARIA PCT 400G"
"0000004057";"00250";"BISCOITO DOCE TIPO MARIA PCT 400G"
"0000004155";"00250";"BISCOITO DOCE TIPO MARIA PCT 400G"
"0000004257";"00250";"BISCOITO DOCE TIPO MARIA PCT 400G"
"0000004263";"00250";"BISCOITO DOCE TIPO MARIA PCT 400G"
"0000004366";"00250";"BISCOITO DOCE TIPO MARIA PCT 400G"
"0000004475";"00250";"BISCOITO DOCE TIPO MARIA PCT 400G"
"0000004537";"00250";"BISCOITO DOCE TIPO MARIA PCT 400G"
"0000004558";"00250";"BISCOITO DOCE TIPO MARIA PCT 400G"
"0000003420";"00251";"CAFE TORRADO E MUIDO"
"0000003550";"00251";"CAFE TORRADO E MUIDO"
"0000003722";"00251";"CAFE TORRADO E MUIDO"
"0000003944";"00251";"CAFE TORRADO E MUIDO"
"0000004057";"00251";"CAFE TORRADO E MUIDO"
"0000004155";"00251";"CAFE TORRADO E MUIDO"
"0000004257";"00251";"CAFE TORRADO E MUIDO"
"0000004263";"00251";"CAFE TORRADO E MUIDO"
"0000004366";"00251";"CAFE TORRADO E MUIDO"
"0000004475";"00251";"CAFE TORRADO E MUIDO"
"0000004537";"00251";"CAFE TORRADO E MUIDO"
"0000004558";"00251";"CAFE TORRADO E MUIDO"
"0000003420";"00252";"FARINHA LACTEA 400G"
"0000003550";"00252";"FARINHA LACTEA 400G"
"0000003722";"00252";"FARINHA LACTEA 400G"
"0000003944";"00252";"FARINHA LACTEA 400G"
"0000004057";"00252";"FARINHA LACTEA 400G"
"0000004155";"00252";"FARINHA LACTEA 400G"
"0000004257";"00252";"FARINHA LACTEA 400G"
"0000004263";"00252";"FARINHA LACTEA 400G"
"0000004366";"00252";"FARINHA LACTEA 400G"
"0000004475";"00252";"FARINHA LACTEA 400G"
"0000004537";"00252";"FARINHA LACTEA 400G"
"0000004558";"00252";"FARINHA LACTEA 400G"
"0000003420";"00253";"FECULA DE MANDIOCA PCT 1KG"
"0000003550";"00253";"FECULA DE MANDIOCA PCT 1KG"
"0000003722";"00253";"FECULA DE MANDIOCA PCT 1KG"
"0000003944";"00253";"FECULA DE MANDIOCA PCT 1KG"
"0000004057";"00253";"FECULA DE MANDIOCA PCT 1KG"
"0000004155";"00253";"FECULA DE MANDIOCA PCT 1KG"
"0000004257";"00253";"FECULA DE MANDIOCA PCT 1KG"
"0000004263";"00253";"FECULA DE MANDIOCA PCT 1KG"
"0000004366";"00253";"FECULA DE MANDIOCA PCT 1KG"
"0000004475";"00253";"FECULA DE MANDIOCA PCT 1KG"
"0000004537";"00253";"FECULA DE MANDIOCA PCT 1KG"
"0000004558";"00253";"FECULA DE MANDIOCA PCT 1KG"
"0000003420";"00256";"BISCOITO TIPO AGUA E SAL PCT 400G"
"0000003550";"00256";"BISCOITO TIPO AGUA E SAL PCT 400G"
"0000003722";"00256";"BISCOITO TIPO AGUA E SAL PCT 400G"
"0000003944";"00256";"BISCOITO TIPO AGUA E SAL PCT 400G"
"0000004057";"00256";"BISCOITO TIPO AGUA E SAL PCT 400G"
"0000004155";"00256";"BISCOITO TIPO AGUA E SAL PCT 400G"
"0000004257";"00256";"BISCOITO TIPO AGUA E SAL PCT 400G"
"0000004263";"00256";"BISCOITO TIPO AGUA E SAL PCT 400G"
"0000004366";"00256";"BISCOITO TIPO AGUA E SAL PCT 400G"
"0000004475";"00256";"BISCOITO TIPO AGUA E SAL PCT 400G"
"0000004537";"00256";"BISCOITO TIPO AGUA E SAL PCT 400G"
"0000004558";"00256";"BISCOITO TIPO AGUA E SAL PCT 400G"
"0000003420";"00268";"MARGARINA"
"0000003550";"00268";"MARGARINA"
"0000003722";"00268";"MARGARINA"
"0000003944";"00268";"MARGARINA"
"0000004057";"00268";"MARGARINA"
"0000004155";"00268";"MARGARINA"
"0000004257";"00268";"MARGARINA"
"0000004263";"00268";"MARGARINA"
"0000004366";"00268";"MARGARINA"
"0000004475";"00268";"MARGARINA"
"0000004537";"00268";"MARGARINA"
"0000004558";"00268";"MARGARINA"
"0000003420";"00278";"ARROZ"
"0000003550";"00278";"ARROZ"
"0000003722";"00278";"ARROZ"
"0000004057";"00278";"ARROZ"
"0000004155";"00278";"ARROZ"
"0000004366";"00278";"ARROZ"
"0000004475";"00278";"ARROZ"
"0000004537";"00278";"ARROZ"
"0000004558";"00278";"ARROZ"
"0000003420";"00283";"FLOCAO DE ARROZ PCT 500G"
"0000003550";"00283";"FLOCAO DE ARROZ PCT 500G"
"0000003722";"00283";"FLOCAO DE ARROZ PCT 500G"
"0000003944";"00283";"FLOCAO DE ARROZ PCT 500G"
"0000004057";"00283";"FLOCAO DE ARROZ PCT 500G"
"0000004155";"00283";"FLOCAO DE ARROZ PCT 500G"
"0000004257";"00283";"FLOCAO DE ARROZ PCT 500G"
"0000004263";"00283";"FLOCAO DE ARROZ PCT 500G"
"0000004366";"00283";"FLOCAO DE ARROZ PCT 500G"
"0000004475";"00283";"FLOCAO DE ARROZ PCT 500G"
"0000004537";"00283";"FLOCAO DE ARROZ PCT 500G"
"0000004558";"00283";"FLOCAO DE ARROZ PCT 500G"
"0000003420";"00287";"MACARRAO ESPAGUETE"
"0000003550";"00287";"MACARRAO ESPAGUETE"
"0000003722";"00287";"MACARRAO ESPAGUETE"
"0000003944";"00287";"MACARRAO ESPAGUETE"
"0000004057";"00287";"MACARRAO ESPAGUETE"
"0000004155";"00287";"MACARRAO ESPAGUETE"
"0000004257";"00287";"MACARRAO ESPAGUETE"
"0000004263";"00287";"MACARRAO ESPAGUETE"
"0000004366";"00287";"MACARRAO ESPAGUETE"
"0000004475";"00287";"MACARRAO ESPAGUETE"
"0000004537";"00287";"MACARRAO ESPAGUETE"
"0000004558";"00287";"MACARRAO ESPAGUETE"
"0000003420";"00372";"ERVILHA EM CONSERVA 200G"
"0000003550";"00372";"ERVILHA EM CONSERVA 200G"
"0000003722";"00372";"ERVILHA EM CONSERVA 200G"
"0000003944";"00372";"ERVILHA EM CONSERVA 200G"
"0000004057";"00372";"ERVILHA EM CONSERVA 200G"
"0000004155";"00372";"ERVILHA EM CONSERVA 200G"
"0000004257";"00372";"ERVILHA EM CONSERVA 200G"
"0000004263";"00372";"ERVILHA EM CONSERVA 200G"
"0000004366";"00372";"ERVILHA EM CONSERVA 200G"
"0000004475";"00372";"ERVILHA EM CONSERVA 200G"
"0000004537";"00372";"ERVILHA EM CONSERVA 200G"
"0000004558";"00372";"ERVILHA EM CONSERVA 200G"
"0000003422";"00416";"OVOS BRANCO C/30"
"0000003552";"00416";"OVOS BRANCO C/30"
"0000003721";"00416";"OVOS BRANCO C/30"
"0000003943";"00416";"OVOS BRANCO C/30"
"0000004056";"00416";"OVOS BRANCO C/30"
"0000004155";"00416";"OVOS BRANCO C/30"
"0000004257";"00416";"OVOS BRANCO C/30"
"0000004263";"00416";"OVOS BRANCO C/30"
"0000004366";"00416";"OVOS BRANCO C/30"
"0000004476";"00416";"OVOS BRANCO C/30"
"0000004537";"00416";"OVOS BRANCO C/30"
"0000004558";"00416";"OVOS BRANCO C/30"
"0000003420";"00418";"SAL REFINADO NOTA 10 1KG"
"0000003550";"00418";"SAL REFINADO NOTA 10 1KG"
"0000003722";"00418";"SAL REFINADO NOTA 10 1KG"
"0000003944";"00418";"SAL REFINADO NOTA 10 1KG"
"0000004057";"00418";"SAL REFINADO NOTA 10 1KG"
"0000004155";"00418";"SAL REFINADO NOTA 10 1KG"
"0000004257";"00418";"SAL REFINADO NOTA 10 1KG"
"0000004263";"00418";"SAL REFINADO NOTA 10 1KG"
"0000004366";"00418";"SAL REFINADO NOTA 10 1KG"
"0000004475";"00418";"SAL REFINADO NOTA 10 1KG"
"0000004537";"00418";"SAL REFINADO NOTA 10 1KG"
"0000004558";"00418";"SAL REFINADO NOTA 10 1KG"
"0000003421";"00459";"MELANCIA"
"0000003551";"00459";"MELANCIA"
"0000003720";"00459";"MELANCIA"
"0000003945";"00459";"MELANCIA"
"0000004058";"00459";"MELANCIA"
"0000004155";"00459";"MELANCIA"
"0000004257";"00459";"MELANCIA"
"0000004263";"00459";"MELANCIA"
"0000004366";"00459";"MELANCIA"
"0000004477";"00459";"MELANCIA"
"0000004537";"00459";"MELANCIA"
"0000004558";"00459";"MELANCIA"
"0000003421";"00460";"ABACAXI"
"0000003551";"00460";"ABACAXI"
"0000003720";"00460";"ABACAXI"
"0000003945";"00460";"ABACAXI"
"0000004058";"00460";"ABACAXI"
"0000004155";"00460";"ABACAXI"
"0000004257";"00460";"ABACAXI"
"0000004263";"00460";"ABACAXI"
"0000004366";"00460";"ABACAXI"
"0000004477";"00460";"ABACAXI"
"0000004537";"00460";"ABACAXI"
"0000004558";"00460";"ABACAXI"
"0000003421";"00461";"BANANA"
"0000003551";"00461";"BANANA"
"0000003720";"00461";"BANANA"
"0000003945";"00461";"BANANA"
"0000004058";"00461";"BANANA"
"0000004155";"00461";"BANANA"
"0000004257";"00461";"BANANA"
"0000004263";"00461";"BANANA"
"0000004366";"00461";"BANANA"
"0000004477";"00461";"BANANA"
"0000004537";"00461";"BANANA"
"0000004558";"00461";"BANANA"
"0000003421";"00462";"LARANJA"
"0000003551";"00462";"LARANJA"
"0000003720";"00462";"LARANJA"
"0000003945";"00462";"LARANJA"
"0000004058";"00462";"LARANJA"
"0000004155";"00462";"LARANJA"
"0000004257";"00462";"LARANJA"
"0000004263";"00462";"LARANJA"
"0000004366";"00462";"LARANJA"
"0000004477";"00462";"LARANJA"
"0000004537";"00462";"LARANJA"
"0000004558";"00462";"LARANJA"
"0000003421";"00463";"MAMAO"
"0000003551";"00463";"MAMAO"
"0000003720";"00463";"MAMAO"
"0000003945";"00463";"MAMAO"
"0000004058";"00463";"MAMAO"
"0000004155";"00463";"MAMAO"
"0000004257";"00463";"MAMAO"
"0000004263";"00463";"MAMAO"
"0000004366";"00463";"MAMAO"
"0000004477";"00463";"MAMAO"
"0000004537";"00463";"MAMAO"
"0000004558";"00463";"MAMAO"
"0000003421";"00464";"MELAO AMARELO"
"0000003551";"00464";"MELAO AMARELO"
"0000003720";"00464";"MELAO AMARELO"
"0000003945";"00464";"MELAO AMARELO"
"0000004058";"00464";"MELAO AMARELO"
"0000004155";"00464";"MELAO AMARELO"
"0000004257";"00464";"MELAO AMARELO"
"0000004263";"00464";"MELAO AMARELO"
"0000004366";"00464";"MELAO AMARELO"
"0000004477";"00464";"MELAO AMARELO"
"0000004537";"00464";"MELAO AMARELO"
"0000004558";"00464";"MELAO AMARELO"
"0000003421";"00465";"ABOBORA"
"0000003551";"00465";"ABOBORA"
"0000003720";"00465";"ABOBORA"
"0000003945";"00465";"ABOBORA"
"0000004058";"00465";"ABOBORA"
"0000004155";"00465";"ABOBORA"
"0000004257";"00465";"ABOBORA"
"0000004263";"00465";"ABOBORA"
"0000004366";"00465";"ABOBORA"
"0000004477";"00465";"ABOBORA"
"0000004537";"00465";"ABOBORA"
"0000004558";"00465";"ABOBORA"
"0000003421";"00466";"BATATA INGLESA"
"0000003551";"00466";"BATATA INGLESA"
"0000003720";"00466";"BATATA INGLESA"
"0000003945";"00466";"BATATA INGLESA"
"0000004058";"00466";"BATATA INGLESA"
"0000004155";"00466";"BATATA INGLESA"
"0000004257";"00466";"BATATA INGLESA"
"0000004263";"00466";"BATATA INGLESA"
"0000004366";"00466";"BATATA INGLESA"
"0000004477";"00466";"BATATA INGLESA"
"0000004537";"00466";"BATATA INGLESA"
"0000004558";"00466";"BATATA INGLESA"
"0000003421";"00467";"BATATA DOCE"
"0000003551";"00467";"BATATA DOCE"
"0000003720";"00467";"BATATA DOCE"
"0000003945";"00467";"BATATA DOCE"
"0000004058";"00467";"BATATA DOCE"
"0000004155";"00467";"BATATA DOCE"
"0000004257";"00467";"BATATA DOCE"
"0000004263";"00467";"BATATA DOCE"
"0000004366";"00467";"BATATA DOCE"
"0000004477";"00467";"BATATA DOCE"
"0000004537";"00467";"BATATA DOCE"
"0000004558";"00467";"BATATA DOCE"
"0000003421";"00468";"BETERRABA"
"0000003551";"00468";"BETERRABA"
"0000003720";"00468";"BETERRABA"
"0000003945";"00468";"BETERRABA"
"0000004058";"00468";"BETERRABA"
"0000004155";"00468";"BETERRABA"
"0000004257";"00468";"BETERRABA"
"0000004263";"00468";"BETERRABA"
"0000004366";"00468";"BETERRABA"
"0000004477";"00468";"BETERRABA"
"0000004537";"00468";"BETERRABA"
"0000004558";"00468";"BETERRABA"
"0000003421";"00469";"CEBOLA"
"0000003551";"00469";"CEBOLA"
"0000003720";"00469";"CEBOLA"
"0000003945";"00469";"CEBOLA"
"0000004058";"00469";"CEBOLA"
"0000004155";"00469";"CEBOLA"
"0000004257";"00469";"CEBOLA"
"0000004263";"00469";"CEBOLA"
"0000004366";"00469";"CEBOLA"
"0000004477";"00469";"CEBOLA"
"0000004537";"00469";"CEBOLA"
"0000004558";"00469";"CEBOLA"
"0000003421";"00471";"PEPINO"
"0000003551";"00471";"PEPINO"
"0000003720";"00471";"PEPINO"
"0000003945";"00471";"PEPINO"
"0000004058";"00471";"PEPINO"
"0000004155";"00471";"PEPINO"
"0000004257";"00471";"PEPINO"
"0000004263";"00471";"PEPINO"
"0000004366";"00471";"PEPINO"
"0000004477";"00471";"PEPINO"
"0000004537";"00471";"PEPINO"
"0000004558";"00471";"PEPINO"
"0000003421";"00476";"CHEIRO VERDE"
"0000003551";"00476";"CHEIRO VERDE"
"0000003720";"00476";"CHEIRO VERDE"
"0000003945";"00476";"CHEIRO VERDE"
"0000004058";"00476";"CHEIRO VERDE"
"0000004155";"00476";"CHEIRO VERDE"
"0000004257";"00476";"CHEIRO VERDE"
"0000004263";"00476";"CHEIRO VERDE"
"0000004366";"00476";"CHEIRO VERDE"
"0000004477";"00476";"CHEIRO VERDE"
"0000004537";"00476";"CHEIRO VERDE"
"0000004558";"00476";"CHEIRO VERDE"
"0000003421";"00477";"ALFACE CRESPO"
"0000003551";"00477";"ALFACE CRESPO"
"0000003720";"00477";"ALFACE CRESPO"
"0000003945";"00477";"ALFACE CRESPO"
"0000004058";"00477";"ALFACE CRESPO"
"0000004155";"00477";"ALFACE CRESPO"
"0000004257";"00477";"ALFACE CRESPO"
"0000004263";"00477";"ALFACE CRESPO"
"0000004366";"00477";"ALFACE CRESPO"
"0000004477";"00477";"ALFACE CRESPO"
"0000004537";"00477";"ALFACE CRESPO"
"0000004558";"00477";"ALFACE CRESPO"
"0000003421";"00478";"CENOURA"
"0000003551";"00478";"CENOURA"
"0000003720";"00478";"CENOURA"
"0000003945";"00478";"CENOURA"
"0000004058";"00478";"CENOURA"
"0000004155";"00478";"CENOURA"
"0000004257";"00478";"CENOURA"
"0000004263";"00478";"CENOURA"
"0000004366";"00478";"CENOURA"
"0000004477";"00478";"CENOURA"
"0000004537";"00478";"CENOURA"
"0000004558";"00478";"CENOURA"
"0000003420";"00497";"FLOCAO DE MILHO PCT 500G"
"0000003550";"00497";"FLOCAO DE MILHO PCT 500G"
"0000003722";"00497";"FLOCAO DE MILHO PCT 500G"
"0000003944";"00497";"FLOCAO DE MILHO PCT 500G"
"0000004057";"00497";"FLOCAO DE MILHO PCT 500G"
"0000004155";"00497";"FLOCAO DE MILHO PCT 500G"
"0000004257";"00497";"FLOCAO DE MILHO PCT 500G"
"0000004263";"00497";"FLOCAO DE MILHO PCT 500G"
"0000004366";"00497";"FLOCAO DE MILHO PCT 500G"
"0000004475";"00497";"FLOCAO DE MILHO PCT 500G"
"0000004537";"00497";"FLOCAO DE MILHO PCT 500G"
"0000004558";"00497";"FLOCAO DE MILHO PCT 500G"
"0000003420";"00498";"ACHOCOLATADO EM PO"
"0000003550";"00498";"ACHOCOLATADO EM PO"
"0000003722";"00498";"ACHOCOLATADO EM PO"
"0000003944";"00498";"ACHOCOLATADO EM PO"
"0000004057";"00498";"ACHOCOLATADO EM PO"
"0000004155";"00498";"ACHOCOLATADO EM PO"
"0000004257";"00498";"ACHOCOLATADO EM PO"
"0000004263";"00498";"ACHOCOLATADO EM PO"
"0000004366";"00498";"ACHOCOLATADO EM PO"
"0000004475";"00498";"ACHOCOLATADO EM PO"
"0000004537";"00498";"ACHOCOLATADO EM PO"
"0000004558";"00498";"ACHOCOLATADO EM PO"
"0000003420";"00499";"SARDINHA EM CONSERVA"
"0000003550";"00499";"SARDINHA EM CONSERVA"
"0000003722";"00499";"SARDINHA EM CONSERVA"
"0000003944";"00499";"SARDINHA EM CONSERVA"
"0000004057";"00499";"SARDINHA EM CONSERVA"
"0000004155";"00499";"SARDINHA EM CONSERVA"
"0000004257";"00499";"SARDINHA EM CONSERVA"
"0000004263";"00499";"SARDINHA EM CONSERVA"
"0000004366";"00499";"SARDINHA EM CONSERVA"
"0000004475";"00499";"SARDINHA EM CONSERVA"
"0000004537";"00499";"SARDINHA EM CONSERVA"
"0000004558";"00499";"SARDINHA EM CONSERVA"
"0000003421";"00534";"CHUCHU"
"0000003551";"00534";"CHUCHU"
"0000003720";"00534";"CHUCHU"
"0000003945";"00534";"CHUCHU"
"0000004058";"00534";"CHUCHU"
"0000004155";"00534";"CHUCHU"
"0000004257";"00534";"CHUCHU"
"0000004263";"00534";"CHUCHU"
"0000004366";"00534";"CHUCHU"
"0000004477";"00534";"CHUCHU"
"0000004537";"00534";"CHUCHU"
"0000004558";"00534";"CHUCHU"
"0000003421";"00535";"LIMAO TAITI KG"
"0000003551";"00535";"LIMAO TAITI KG"
"0000003720";"00535";"LIMAO TAITI KG"
"0000003945";"00535";"LIMAO TAITI KG"
"0000004058";"00535";"LIMAO TAITI KG"
"0000004155";"00535";"LIMAO TAITI KG"
"0000004257";"00535";"LIMAO TAITI KG"
"0000004263";"00535";"LIMAO TAITI KG"
"0000004366";"00535";"LIMAO TAITI KG"
"0000004477";"00535";"LIMAO TAITI KG"
"0000004537";"00535";"LIMAO TAITI KG"
"0000004558";"00535";"LIMAO TAITI KG"
"0000003421";"00536";"MAXIXE KG"
"0000003551";"00536";"MAXIXE KG"
"0000003720";"00536";"MAXIXE KG"
"0000003945";"00536";"MAXIXE KG"
"0000004058";"00536";"MAXIXE KG"
"0000004155";"00536";"MAXIXE KG"
"0000004257";"00536";"MAXIXE KG"
"0000004263";"00536";"MAXIXE KG"
"0000004366";"00536";"MAXIXE KG"
"0000004477";"00536";"MAXIXE KG"
"0000004537";"00536";"MAXIXE KG"
"0000004558";"00536";"MAXIXE KG"
"0000003421";"00537";"PIMENTAO VERDE KG - 1,625 CX"
"0000003551";"00537";"PIMENTAO VERDE KG - 1,625 CX"
"0000003720";"00537";"PIMENTAO VERDE KG - 1,625 CX"
"0000003945";"00537";"PIMENTAO VERDE KG - 1,625 CX"
"0000004058";"00537";"PIMENTAO VERDE KG - 1,625 CX"
"0000004155";"00537";"PIMENTAO VERDE KG - 1,625 CX"
"0000004257";"00537";"PIMENTAO VERDE KG - 1,625 CX"
"0000004263";"00537";"PIMENTAO VERDE KG - 1,625 CX"
"0000004366";"00537";"PIMENTAO VERDE KG - 1,625 CX"
"0000004477";"00537";"PIMENTAO VERDE KG - 1,625 CX"
"0000004537";"00537";"PIMENTAO VERDE KG - 1,625 CX"
"0000004558";"00537";"PIMENTAO VERDE KG - 1,625 CX"
"0000003421";"00538";"PIMENTINHA KG"
"0000003551";"00538";"PIMENTINHA KG"
"0000003720";"00538";"PIMENTINHA KG"
"0000003945";"00538";"PIMENTINHA KG"
"0000004058";"00538";"PIMENTINHA KG"
"0000004155";"00538";"PIMENTINHA KG"
"0000004257";"00538";"PIMENTINHA KG"
"0000004263";"00538";"PIMENTINHA KG"
"0000004366";"00538";"PIMENTINHA KG"
"0000004477";"00538";"PIMENTINHA KG"
"0000004537";"00538";"PIMENTINHA KG"
"0000004558";"00538";"PIMENTINHA KG"
"0000003421";"00539";"QUIABO KG"
"0000003551";"00539";"QUIABO KG"
"0000003720";"00539";"QUIABO KG"
"0000003945";"00539";"QUIABO KG"
"0000004058";"00539";"QUIABO KG"
"0000004155";"00539";"QUIABO KG"
"0000004257";"00539";"QUIABO KG"
"0000004263";"00539";"QUIABO KG"
"0000004366";"00539";"QUIABO KG"
"0000004477";"00539";"QUIABO KG"
"0000004537";"00539";"QUIABO KG"
"0000004558";"00539";"QUIABO KG"
"0000003421";"00540";"REPOLHO ROXO KG"
"0000003551";"00540";"REPOLHO ROXO KG"
"0000003720";"00540";"REPOLHO ROXO KG"
"0000003945";"00540";"REPOLHO ROXO KG"
"0000004058";"00540";"REPOLHO ROXO KG"
"0000004155";"00540";"REPOLHO ROXO KG"
"0000004257";"00540";"REPOLHO ROXO KG"
"0000004263";"00540";"REPOLHO ROXO KG"
"0000004366";"00540";"REPOLHO ROXO KG"
"0000004477";"00540";"REPOLHO ROXO KG"
"0000004537";"00540";"REPOLHO ROXO KG"
"0000004558";"00540";"REPOLHO ROXO KG"
"0000003421";"00541";"REPOLHO VERDE KG"
"0000003551";"00541";"REPOLHO VERDE KG"
"0000003720";"00541";"REPOLHO VERDE KG"
"0000003945";"00541";"REPOLHO VERDE KG"
"0000004058";"00541";"REPOLHO VERDE KG"
"0000004155";"00541";"REPOLHO VERDE KG"
"0000004257";"00541";"REPOLHO VERDE KG"
"0000004263";"00541";"REPOLHO VERDE KG"
"0000004366";"00541";"REPOLHO VERDE KG"
"0000004477";"00541";"REPOLHO VERDE KG"
"0000004537";"00541";"REPOLHO VERDE KG"
"0000004558";"00541";"REPOLHO VERDE KG"
"0000003421";"00542";"TOMATE LONGA VIDA BOCA 08 KG"
"0000003551";"00542";"TOMATE LONGA VIDA BOCA 08 KG"
"0000003720";"00542";"TOMATE LONGA VIDA BOCA 08 KG"
"0000003945";"00542";"TOMATE LONGA VIDA BOCA 08 KG"
"0000004058";"00542";"TOMATE LONGA VIDA BOCA 08 KG"
"0000004155";"00542";"TOMATE LONGA VIDA BOCA 08 KG"
"0000004257";"00542";"TOMATE LONGA VIDA BOCA 08 KG"
"0000004263";"00542";"TOMATE LONGA VIDA BOCA 08 KG"
"0000004366";"00542";"TOMATE LONGA VIDA BOCA 08 KG"
"0000004477";"00542";"TOMATE LONGA VIDA BOCA 08 KG"
"0000004537";"00542";"TOMATE LONGA VIDA BOCA 08 KG"
"0000004558";"00542";"TOMATE LONGA VIDA BOCA 08 KG"
"0000003422";"00543";"POLPA DE ACEROLA 500G"
"0000003552";"00543";"POLPA DE ACEROLA 500G"
"0000003721";"00543";"POLPA DE ACEROLA 500G"
"0000003943";"00543";"POLPA DE ACEROLA 500G"
"0000004056";"00543";"POLPA DE ACEROLA 500G"
"0000004155";"00543";"POLPA DE ACEROLA 500G"
"0000004257";"00543";"POLPA DE ACEROLA 500G"
"0000004263";"00543";"POLPA DE ACEROLA 500G"
"0000004366";"00543";"POLPA DE ACEROLA 500G"
"0000004476";"00543";"POLPA DE ACEROLA 500G"
"0000004537";"00543";"POLPA DE ACEROLA 500G"
"0000004558";"00543";"POLPA DE ACEROLA 500G"
"0000003422";"00544";"POLPA DE CAJA 500G"
"0000003552";"00544";"POLPA DE CAJA 500G"
"0000003721";"00544";"POLPA DE CAJA 500G"
"0000003943";"00544";"POLPA DE CAJA 500G"
"0000004056";"00544";"POLPA DE CAJA 500G"
"0000004155";"00544";"POLPA DE CAJA 500G"
"0000004257";"00544";"POLPA DE CAJA 500G"
"0000004263";"00544";"POLPA DE CAJA 500G"
"0000004366";"00544";"POLPA DE CAJA 500G"
"0000004476";"00544";"POLPA DE CAJA 500G"
"0000004537";"00544";"POLPA DE CAJA 500G"
"0000004558";"00544";"POLPA DE CAJA 500G"
"0000003422";"00545";"POLPA DE MARACUJA 500G"
"0000003552";"00545";"POLPA DE MARACUJA 500G"
"0000003721";"00545";"POLPA DE MARACUJA 500G"
"0000003943";"00545";"POLPA DE MARACUJA 500G"
"0000004056";"00545";"POLPA DE MARACUJA 500G"
"0000004155";"00545";"POLPA DE MARACUJA 500G"
"0000004257";"00545";"POLPA DE MARACUJA 500G"
"0000004263";"00545";"POLPA DE MARACUJA 500G"
"0000004366";"00545";"POLPA DE MARACUJA 500G"
"0000004476";"00545";"POLPA DE MARACUJA 500G"
"0000004537";"00545";"POLPA DE MARACUJA 500G"
"0000004558";"00545";"POLPA DE MARACUJA 500G"
"0000003422";"00546";"POLPA DE GOIABA 500G"
"0000003552";"00546";"POLPA DE GOIABA 500G"
"0000003721";"00546";"POLPA DE GOIABA 500G"
"0000003943";"00546";"POLPA DE GOIABA 500G"
"0000004056";"00546";"POLPA DE GOIABA 500G"
"0000004155";"00546";"POLPA DE GOIABA 500G"
"0000004257";"00546";"POLPA DE GOIABA 500G"
"0000004263";"00546";"POLPA DE GOIABA 500G"
"0000004366";"00546";"POLPA DE GOIABA 500G"
"0000004476";"00546";"POLPA DE GOIABA 500G"
"0000004537";"00546";"POLPA DE GOIABA 500G"
"0000004558";"00546";"POLPA DE GOIABA 500G"
"0000003422";"00547";"PAO MASSA FINA 50G PCT C/10"
"0000003552";"00547";"PAO MASSA FINA 50G PCT C/10"
"0000003721";"00547";"PAO MASSA FINA 50G PCT C/10"
"0000003943";"00547";"PAO MASSA FINA 50G PCT C/10"
"0000004056";"00547";"PAO MASSA FINA 50G PCT C/10"
"0000004155";"00547";"PAO MASSA FINA 50G PCT C/10"
"0000004257";"00547";"PAO MASSA FINA 50G PCT C/10"
"0000004263";"00547";"PAO MASSA FINA 50G PCT C/10"
"0000004366";"00547";"PAO MASSA FINA 50G PCT C/10"
"0000004476";"00547";"PAO MASSA FINA 50G PCT C/10"
"0000004537";"00547";"PAO MASSA FINA 50G PCT C/10"
"0000004558";"00547";"PAO MASSA FINA 50G PCT C/10"
"0000003422";"00550";"IORGUTE CARTELA CM 6 UND"
"0000003552";"00550";"IORGUTE CARTELA CM 6 UND"
"0000003721";"00550";"IORGUTE CARTELA CM 6 UND"
"0000003943";"00550";"IORGUTE CARTELA CM 6 UND"
"0000004056";"00550";"IORGUTE CARTELA CM 6 UND"
"0000004155";"00550";"IORGUTE CARTELA CM 6 UND"
"0000004257";"00550";"IORGUTE CARTELA CM 6 UND"
"0000004263";"00550";"IORGUTE CARTELA CM 6 UND"
"0000004366";"00550";"IORGUTE CARTELA CM 6 UND"
"0000004476";"00550";"IORGUTE CARTELA CM 6 UND"
"0000004537";"00550";"IORGUTE CARTELA CM 6 UND"
"0000004558";"00550";"IORGUTE CARTELA CM 6 UND"
"0000003420";"00551";"ALHO EM PASTA"
"0000003550";"00551";"ALHO EM PASTA"
"0000003722";"00551";"ALHO EM PASTA"
"0000003944";"00551";"ALHO EM PASTA"
"0000004057";"00551";"ALHO EM PASTA"
"0000004155";"00551";"ALHO EM PASTA"
"0000004257";"00551";"ALHO EM PASTA"
"0000004263";"00551";"ALHO EM PASTA"
"0000004366";"00551";"ALHO EM PASTA"
"0000004475";"00551";"ALHO EM PASTA"
"0000004537";"00551";"ALHO EM PASTA"
"0000004558";"00551";"ALHO EM PASTA"
"0000003420";"00552";"CANELA EM PO POTE 20G"
"0000003550";"00552";"CANELA EM PO POTE 20G"
"0000003722";"00552";"CANELA EM PO POTE 20G"
"0000003944";"00552";"CANELA EM PO POTE 20G"
"0000004057";"00552";"CANELA EM PO POTE 20G"
"0000004155";"00552";"CANELA EM PO POTE 20G"
"0000004257";"00552";"CANELA EM PO POTE 20G"
"0000004263";"00552";"CANELA EM PO POTE 20G"
"0000004366";"00552";"CANELA EM PO POTE 20G"
"0000004475";"00552";"CANELA EM PO POTE 20G"
"0000004537";"00552";"CANELA EM PO POTE 20G"
"0000004558";"00552";"CANELA EM PO POTE 20G"
"0000003420";"00553";"COLORAU"
"0000003550";"00553";"COLORAU"
"0000003722";"00553";"COLORAU"
"0000003944";"00553";"COLORAU"
"0000004057";"00553";"COLORAU"
"0000004155";"00553";"COLORAU"
"0000004257";"00553";"COLORAU"
"0000004263";"00553";"COLORAU"
"0000004366";"00553";"COLORAU"
"0000004475";"00553";"COLORAU"
"0000004537";"00553";"COLORAU"
"0000004558";"00553";"COLORAU"
"0000003420";"00554";"EXTRATO DE TOMATE CONCENTRADO 190G"
"0000003550";"00554";"EXTRATO DE TOMATE CONCENTRADO 190G"
"0000003722";"00554";"EXTRATO DE TOMATE CONCENTRADO 190G"
"0000003944";"00554";"EXTRATO DE TOMATE CONCENTRADO 190G"
"0000004057";"00554";"EXTRATO DE TOMATE CONCENTRADO 190G"
"0000004155";"00554";"EXTRATO DE TOMATE CONCENTRADO 190G"
"0000004257";"00554";"EXTRATO DE TOMATE CONCENTRADO 190G"
"0000004263";"00554";"EXTRATO DE TOMATE CONCENTRADO 190G"
"0000004366";"00554";"EXTRATO DE TOMATE CONCENTRADO 190G"
"0000004475";"00554";"EXTRATO DE TOMATE CONCENTRADO 190G"
"0000004537";"00554";"EXTRATO DE TOMATE CONCENTRADO 190G"
"0000004558";"00554";"EXTRATO DE TOMATE CONCENTRADO 190G"
"0000003420";"00556";"LEITE DE COCO 200ML"
"0000003550";"00556";"LEITE DE COCO 200ML"
"0000003722";"00556";"LEITE DE COCO 200ML"
"0000003944";"00556";"LEITE DE COCO 200ML"
"0000004057";"00556";"LEITE DE COCO 200ML"
"0000004155";"00556";"LEITE DE COCO 200ML"
"0000004257";"00556";"LEITE DE COCO 200ML"
"0000004263";"00556";"LEITE DE COCO 200ML"
"0000004366";"00556";"LEITE DE COCO 200ML"
"0000004475";"00556";"LEITE DE COCO 200ML"
"0000004537";"00556";"LEITE DE COCO 200ML"
"0000004558";"00556";"LEITE DE COCO 200ML"
"0000003420";"00557";"LEITE EM PO DESNATADO 200G"
"0000003550";"00557";"LEITE EM PO DESNATADO 200G"
"0000003722";"00557";"LEITE EM PO DESNATADO 200G"
"0000003944";"00557";"LEITE EM PO DESNATADO 200G"
"0000004057";"00557";"LEITE EM PO DESNATADO 200G"
"0000004155";"00557";"LEITE EM PO DESNATADO 200G"
"0000004257";"00557";"LEITE EM PO DESNATADO 200G"
"0000004263";"00557";"LEITE EM PO DESNATADO 200G"
"0000004366";"00557";"LEITE EM PO DESNATADO 200G"
"0000004475";"00557";"LEITE EM PO DESNATADO 200G"
"0000004537";"00557";"LEITE EM PO DESNATADO 200G"
"0000004558";"00557";"LEITE EM PO DESNATADO 200G"
"0000003420";"00559";"MACARRAO PARAFUSO PCT 500G"
"0000003550";"00559";"MACARRAO PARAFUSO PCT 500G"
"0000003722";"00559";"MACARRAO PARAFUSO PCT 500G"
"0000003944";"00559";"MACARRAO PARAFUSO PCT 500G"
"0000004057";"00559";"MACARRAO PARAFUSO PCT 500G"
"0000004155";"00559";"MACARRAO PARAFUSO PCT 500G"
"0000004257";"00559";"MACARRAO PARAFUSO PCT 500G"
"0000004263";"00559";"MACARRAO PARAFUSO PCT 500G"
"0000004366";"00559";"MACARRAO PARAFUSO PCT 500G"
"0000004475";"00559";"MACARRAO PARAFUSO PCT 500G"
"0000004537";"00559";"MACARRAO PARAFUSO PCT 500G"
"0000004558";"00559";"MACARRAO PARAFUSO PCT 500G"
"0000003420";"00560";"MILHO VERDE EM CONSERVA 200G"
"0000003550";"00560";"MILHO VERDE EM CONSERVA 200G"
"0000003722";"00560";"MILHO VERDE EM CONSERVA 200G"
"0000003944";"00560";"MILHO VERDE EM CONSERVA 200G"
"0000004057";"00560";"MILHO VERDE EM CONSERVA 200G"
"0000004155";"00560";"MILHO VERDE EM CONSERVA 200G"
"0000004257";"00560";"MILHO VERDE EM CONSERVA 200G"
"0000004263";"00560";"MILHO VERDE EM CONSERVA 200G"
"0000004366";"00560";"MILHO VERDE EM CONSERVA 200G"
"0000004475";"00560";"MILHO VERDE EM CONSERVA 200G"
"0000004537";"00560";"MILHO VERDE EM CONSERVA 200G"
"0000004558";"00560";"MILHO VERDE EM CONSERVA 200G"
"0000003420";"00561";"SUCO CONCENTRADO SABOR CAJU 500ML"
"0000003550";"00561";"SUCO CONCENTRADO SABOR CAJU 500ML"
"0000003722";"00561";"SUCO CONCENTRADO SABOR CAJU 500ML"
"0000003944";"00561";"SUCO CONCENTRADO SABOR CAJU 500ML"
"0000004057";"00561";"SUCO CONCENTRADO SABOR CAJU 500ML"
"0000004155";"00561";"SUCO CONCENTRADO SABOR CAJU 500ML"
"0000004257";"00561";"SUCO CONCENTRADO SABOR CAJU 500ML"
"0000004263";"00561";"SUCO CONCENTRADO SABOR CAJU 500ML"
"0000004366";"00561";"SUCO CONCENTRADO SABOR CAJU 500ML"
"0000004475";"00561";"SUCO CONCENTRADO SABOR CAJU 500ML"
"0000004537";"00561";"SUCO CONCENTRADO SABOR CAJU 500ML"
"0000004558";"00561";"SUCO CONCENTRADO SABOR CAJU 500ML"
"0000003420";"00562";"AGUA MINERAL GALAO 20L"
"0000003550";"00562";"AGUA MINERAL GALAO 20L"
"0000003722";"00562";"AGUA MINERAL GALAO 20L"
"0000003944";"00562";"AGUA MINERAL GALAO 20L"
"0000004057";"00562";"AGUA MINERAL GALAO 20L"
"0000004155";"00562";"AGUA MINERAL GALAO 20L"
"0000004257";"00562";"AGUA MINERAL GALAO 20L"
"0000004263";"00562";"AGUA MINERAL GALAO 20L"
"0000004366";"00562";"AGUA MINERAL GALAO 20L"
"0000004475";"00562";"AGUA MINERAL GALAO 20L"
"0000004537";"00562";"AGUA MINERAL GALAO 20L"
"0000004558";"00562";"AGUA MINERAL GALAO 20L"
"0000003420";"00563";"AGUA MINERAL COPO 200ML"
"0000003550";"00563";"AGUA MINERAL COPO 200ML"
"0000003722";"00563";"AGUA MINERAL COPO 200ML"
"0000003944";"00563";"AGUA MINERAL COPO 200ML"
"0000004057";"00563";"AGUA MINERAL COPO 200ML"
"0000004155";"00563";"AGUA MINERAL COPO 200ML"
"0000004257";"00563";"AGUA MINERAL COPO 200ML"
"0000004263";"00563";"AGUA MINERAL COPO 200ML"
"0000004366";"00563";"AGUA MINERAL COPO 200ML"
"0000004475";"00563";"AGUA MINERAL COPO 200ML"
"0000004537";"00563";"AGUA MINERAL COPO 200ML"
"0000004558";"00563";"AGUA MINERAL COPO 200ML"
"0000003420";"00565";"AGUA MINERAL FRASCO 500ML S/G"
"0000003550";"00565";"AGUA MINERAL FRASCO 500ML S/G"
"0000003722";"00565";"AGUA MINERAL FRASCO 500ML S/G"
"0000003944";"00565";"AGUA MINERAL FRASCO 500ML S/G"
"0000004057";"00565";"AGUA MINERAL FRASCO 500ML S/G"
"0000004155";"00565";"AGUA MINERAL FRASCO 500ML S/G"
"0000004257";"00565";"AGUA MINERAL FRASCO 500ML S/G"
"0000004263";"00565";"AGUA MINERAL FRASCO 500ML S/G"
"0000004366";"00565";"AGUA MINERAL FRASCO 500ML S/G"
"0000004475";"00565";"AGUA MINERAL FRASCO 500ML S/G"
"0000004537";"00565";"AGUA MINERAL FRASCO 500ML S/G"
"0000004558";"00565";"AGUA MINERAL FRASCO 500ML S/G"
"0000003422";"00569";"CARNE BOVINA MACICA TIPO COXAO MOLE"
"0000003552";"00569";"CARNE BOVINA MACICA TIPO COXAO MOLE"
"0000003721";"00569";"CARNE BOVINA MACICA TIPO COXAO MOLE"
"0000003943";"00569";"CARNE BOVINA MACICA TIPO COXAO MOLE"
"0000004056";"00569";"CARNE BOVINA MACICA TIPO COXAO MOLE"
"0000004155";"00569";"CARNE BOVINA MACICA TIPO COXAO MOLE"
"0000004257";"00569";"CARNE BOVINA MACICA TIPO COXAO MOLE"
"0000004263";"00569";"CARNE BOVINA MACICA TIPO COXAO MOLE"
"0000004366";"00569";"CARNE BOVINA MACICA TIPO COXAO MOLE"
"0000004476";"00569";"CARNE BOVINA MACICA TIPO COXAO MOLE"
"0000004537";"00569";"CARNE BOVINA MACICA TIPO COXAO MOLE"
"0000004558";"00569";"CARNE BOVINA MACICA TIPO COXAO MOLE"
"0000003422";"00570";"PEIXE EM POSTA SEM CABECA"
"0000003552";"00570";"PEIXE EM POSTA SEM CABECA"
"0000003721";"00570";"PEIXE EM POSTA SEM CABECA"
"0000003943";"00570";"PEIXE EM POSTA SEM CABECA"
"0000004056";"00570";"PEIXE EM POSTA SEM CABECA"
"0000004155";"00570";"PEIXE EM POSTA SEM CABECA"
"0000004257";"00570";"PEIXE EM POSTA SEM CABECA"
"0000004263";"00570";"PEIXE EM POSTA SEM CABECA"
"0000004366";"00570";"PEIXE EM POSTA SEM CABECA"
"0000004476";"00570";"PEIXE EM POSTA SEM CABECA"
"0000004537";"00570";"PEIXE EM POSTA SEM CABECA"
"0000004558";"00570";"PEIXE EM POSTA SEM CABECA"
"0000003420";"00573";"CEREAL A BASE DE FARINHA DE ARROZ"
"0000003550";"00573";"CEREAL A BASE DE FARINHA DE ARROZ"
"0000003722";"00573";"CEREAL A BASE DE FARINHA DE ARROZ"
"0000003944";"00573";"CEREAL A BASE DE FARINHA DE ARROZ"
"0000004057";"00573";"CEREAL A BASE DE FARINHA DE ARROZ"
"0000004155";"00573";"CEREAL A BASE DE FARINHA DE ARROZ"
"0000004257";"00573";"CEREAL A BASE DE FARINHA DE ARROZ"
"0000004263";"00573";"CEREAL A BASE DE FARINHA DE ARROZ"
"0000004366";"00573";"CEREAL A BASE DE FARINHA DE ARROZ"
"0000004475";"00573";"CEREAL A BASE DE FARINHA DE ARROZ"
"0000004537";"00573";"CEREAL A BASE DE FARINHA DE ARROZ"
"0000004558";"00573";"CEREAL A BASE DE FARINHA DE ARROZ"
"0000003420";"00574";"MILHO DE PIPOCA TIPO 1 PCT 500G"
"0000003550";"00574";"MILHO DE PIPOCA TIPO 1 PCT 500G"
"0000003722";"00574";"MILHO DE PIPOCA TIPO 1 PCT 500G"
"0000003944";"00574";"MILHO DE PIPOCA TIPO 1 PCT 500G"
"0000004057";"00574";"MILHO DE PIPOCA TIPO 1 PCT 500G"
"0000004155";"00574";"MILHO DE PIPOCA TIPO 1 PCT 500G"
"0000004257";"00574";"MILHO DE PIPOCA TIPO 1 PCT 500G"
"0000004263";"00574";"MILHO DE PIPOCA TIPO 1 PCT 500G"
"0000004366";"00574";"MILHO DE PIPOCA TIPO 1 PCT 500G"
"0000004475";"00574";"MILHO DE PIPOCA TIPO 1 PCT 500G"
"0000004537";"00574";"MILHO DE PIPOCA TIPO 1 PCT 500G"
"0000004558";"00574";"MILHO DE PIPOCA TIPO 1 PCT 500G"
"0000003420";"00576";"VINAGRE ACIDO ACETICO 500ML"
"0000003550";"00576";"VINAGRE ACIDO ACETICO 500ML"
"0000003722";"00576";"VINAGRE ACIDO ACETICO 500ML"
"0000003944";"00576";"VINAGRE ACIDO ACETICO 500ML"
"0000004057";"00576";"VINAGRE ACIDO ACETICO 500ML"
"0000004155";"00576";"VINAGRE ACIDO ACETICO 500ML"
"0000004257";"00576";"VINAGRE ACIDO ACETICO 500ML"
"0000004263";"00576";"VINAGRE ACIDO ACETICO 500ML"
"0000004366";"00576";"VINAGRE ACIDO ACETICO 500ML"
"0000004475";"00576";"VINAGRE ACIDO ACETICO 500ML"
"0000004537";"00576";"VINAGRE ACIDO ACETICO 500ML"
"0000004558";"00576";"VINAGRE ACIDO ACETICO 500ML"
"0000003420";"00577";"SUCO CONCENTRADO SABOR GOIABA 500ML"
"0000003550";"00577";"SUCO CONCENTRADO SABOR GOIABA 500ML"
"0000003722";"00577";"SUCO CONCENTRADO SABOR GOIABA 500ML"
"0000003944";"00577";"SUCO CONCENTRADO SABOR GOIABA 500ML"
"0000004057";"00577";"SUCO CONCENTRADO SABOR GOIABA 500ML"
"0000004155";"00577";"SUCO CONCENTRADO SABOR GOIABA 500ML"
"0000004257";"00577";"SUCO CONCENTRADO SABOR GOIABA 500ML"
"0000004263";"00577";"SUCO CONCENTRADO SABOR GOIABA 500ML"
"0000004366";"00577";"SUCO CONCENTRADO SABOR GOIABA 500ML"
"0000004475";"00577";"SUCO CONCENTRADO SABOR GOIABA 500ML"
"0000004537";"00577";"SUCO CONCENTRADO SABOR GOIABA 500ML"
"0000004558";"00577";"SUCO CONCENTRADO SABOR GOIABA 500ML"
"0000003420";"00578";"SUCO CONCENTRADO SABOR ACEROLA 500ML"
"0000003550";"00578";"SUCO CONCENTRADO SABOR ACEROLA 500ML"
"0000003722";"00578";"SUCO CONCENTRADO SABOR ACEROLA 500ML"
"0000003944";"00578";"SUCO CONCENTRADO SABOR ACEROLA 500ML"
"0000004057";"00578";"SUCO CONCENTRADO SABOR ACEROLA 500ML"
"0000004155";"00578";"SUCO CONCENTRADO SABOR ACEROLA 500ML"
"0000004257";"00578";"SUCO CONCENTRADO SABOR ACEROLA 500ML"
"0000004263";"00578";"SUCO CONCENTRADO SABOR ACEROLA 500ML"
"0000004366";"00578";"SUCO CONCENTRADO SABOR ACEROLA 500ML"
"0000004475";"00578";"SUCO CONCENTRADO SABOR ACEROLA 500ML"
"0000004537";"00578";"SUCO CONCENTRADO SABOR ACEROLA 500ML"
"0000004558";"00578";"SUCO CONCENTRADO SABOR ACEROLA 500ML"
"0000003420";"00579";"SUCO CONCENTRADO SABOR MARACUJA 500ML"
"0000003550";"00579";"SUCO CONCENTRADO SABOR MARACUJA 500ML"
"0000003722";"00579";"SUCO CONCENTRADO SABOR MARACUJA 500ML"
"0000003944";"00579";"SUCO CONCENTRADO SABOR MARACUJA 500ML"
"0000004057";"00579";"SUCO CONCENTRADO SABOR MARACUJA 500ML"
"0000004155";"00579";"SUCO CONCENTRADO SABOR MARACUJA 500ML"
"0000004257";"00579";"SUCO CONCENTRADO SABOR MARACUJA 500ML"
"0000004263";"00579";"SUCO CONCENTRADO SABOR MARACUJA 500ML"
"0000004366";"00579";"SUCO CONCENTRADO SABOR MARACUJA 500ML"
"0000004475";"00579";"SUCO CONCENTRADO SABOR MARACUJA 500ML"
"0000004537";"00579";"SUCO CONCENTRADO SABOR MARACUJA 500ML"
"0000004558";"00579";"SUCO CONCENTRADO SABOR MARACUJA 500ML"
"0000003420";"00580";"PO PARA REFRESCO 1KG"
"0000003550";"00580";"PO PARA REFRESCO 1KG"
"0000003722";"00580";"PO PARA REFRESCO 1KG"
"0000003944";"00580";"PO PARA REFRESCO 1KG"
"0000004057";"00580";"PO PARA REFRESCO 1KG"
"0000004155";"00580";"PO PARA REFRESCO 1KG"
"0000004257";"00580";"PO PARA REFRESCO 1KG"
"0000004263";"00580";"PO PARA REFRESCO 1KG"
"0000004366";"00580";"PO PARA REFRESCO 1KG"
"0000004475";"00580";"PO PARA REFRESCO 1KG"
"0000004537";"00580";"PO PARA REFRESCO 1KG"
"0000004558";"00580";"PO PARA REFRESCO 1KG"
"0000003420";"00581";"AZEITE DE OLIVA EXTRA VIRGEM 500ML"
"0000003550";"00581";"AZEITE DE OLIVA EXTRA VIRGEM 500ML"
"0000003722";"00581";"AZEITE DE OLIVA EXTRA VIRGEM 500ML"
"0000003944";"00581";"AZEITE DE OLIVA EXTRA VIRGEM 500ML"
"0000004057";"00581";"AZEITE DE OLIVA EXTRA VIRGEM 500ML"
"0000004155";"00581";"AZEITE DE OLIVA EXTRA VIRGEM 500ML"
"0000004257";"00581";"AZEITE DE OLIVA EXTRA VIRGEM 500ML"
"0000004263";"00581";"AZEITE DE OLIVA EXTRA VIRGEM 500ML"
"0000004366";"00581";"AZEITE DE OLIVA EXTRA VIRGEM 500ML"
"0000004475";"00581";"AZEITE DE OLIVA EXTRA VIRGEM 500ML"
"0000004537";"00581";"AZEITE DE OLIVA EXTRA VIRGEM 500ML"
"0000004558";"00581";"AZEITE DE OLIVA EXTRA VIRGEM 500ML"
"0000003422";"00598";"FILE DE BRANQUINHO A GRANEL"
"0000003552";"00598";"FILE DE BRANQUINHO A GRANEL"
"0000003721";"00598";"FILE DE BRANQUINHO A GRANEL"
"0000003943";"00598";"FILE DE BRANQUINHO A GRANEL"
"0000004056";"00598";"FILE DE BRANQUINHO A GRANEL"
"0000004155";"00598";"FILE DE BRANQUINHO A GRANEL"
"0000004257";"00598";"FILE DE BRANQUINHO A GRANEL"
"0000004263";"00598";"FILE DE BRANQUINHO A GRANEL"
"0000004366";"00598";"FILE DE BRANQUINHO A GRANEL"
"0000004476";"00598";"FILE DE BRANQUINHO A GRANEL"
"0000004537";"00598";"FILE DE BRANQUINHO A GRANEL"
"0000004558";"00598";"FILE DE BRANQUINHO A GRANEL"
"0000003420";"00606";"CREME DE LEITE 200G"
"0000003550";"00606";"CREME DE LEITE 200G"
"0000003722";"00606";"CREME DE LEITE 200G"
"0000003944";"00606";"CREME DE LEITE 200G"
"0000004057";"00606";"CREME DE LEITE 200G"
"0000004155";"00606";"CREME DE LEITE 200G"
"0000004257";"00606";"CREME DE LEITE 200G"
"0000004263";"00606";"CREME DE LEITE 200G"
"0000004366";"00606";"CREME DE LEITE 200G"
"0000004475";"00606";"CREME DE LEITE 200G"
"0000004537";"00606";"CREME DE LEITE 200G"
"0000004558";"00606";"CREME DE LEITE 200G"
"0000003420";"00609";"LEITE CONDENSADO 395G"
"0000003550";"00609";"LEITE CONDENSADO 395G"
"0000003722";"00609";"LEITE CONDENSADO 395G"
"0000003944";"00609";"LEITE CONDENSADO 395G"
"0000004057";"00609";"LEITE CONDENSADO 395G"
"0000004155";"00609";"LEITE CONDENSADO 395G"
"0000004257";"00609";"LEITE CONDENSADO 395G"
"0000004263";"00609";"LEITE CONDENSADO 395G"
"0000004366";"00609";"LEITE CONDENSADO 395G"
"0000004475";"00609";"LEITE CONDENSADO 395G"
"0000004537";"00609";"LEITE CONDENSADO 395G"
"0000004558";"00609";"LEITE CONDENSADO 395G"
"0000003420";"00619";"AMIDO DE MILHO MAIZENA 200G"
"0000003550";"00619";"AMIDO DE MILHO MAIZENA 200G"
"0000003722";"00619";"AMIDO DE MILHO MAIZENA 200G"
"0000003944";"00619";"AMIDO DE MILHO MAIZENA 200G"
"0000004057";"00619";"AMIDO DE MILHO MAIZENA 200G"
"0000004155";"00619";"AMIDO DE MILHO MAIZENA 200G"
"0000004257";"00619";"AMIDO DE MILHO MAIZENA 200G"
"0000004263";"00619";"AMIDO DE MILHO MAIZENA 200G"
"0000004366";"00619";"AMIDO DE MILHO MAIZENA 200G"
"0000004475";"00619";"AMIDO DE MILHO MAIZENA 200G"
"0000004537";"00619";"AMIDO DE MILHO MAIZENA 200G"
"0000004558";"00619";"AMIDO DE MILHO MAIZENA 200G"
"0000003420";"00621";"FEIJAO PRETO TIPO 1 PCT 1KG"
"0000003550";"00621";"FEIJAO PRETO TIPO 1 PCT 1KG"
"0000003722";"00621";"FEIJAO PRETO TIPO 1 PCT 1KG"
"0000003944";"00621";"FEIJAO PRETO TIPO 1 PCT 1KG"
"0000004057";"00621";"FEIJAO PRETO TIPO 1 PCT 1KG"
"0000004155";"00621";"FEIJAO PRETO TIPO 1 PCT 1KG"
"0000004257";"00621";"FEIJAO PRETO TIPO 1 PCT 1KG"
"0000004263";"00621";"FEIJAO PRETO TIPO 1 PCT 1KG"
"0000004366";"00621";"FEIJAO PRETO TIPO 1 PCT 1KG"
"0000004475";"00621";"FEIJAO PRETO TIPO 1 PCT 1KG"
"0000004537";"00621";"FEIJAO PRETO TIPO 1 PCT 1KG"
"0000004558";"00621";"FEIJAO PRETO TIPO 1 PCT 1KG"
"0000003420";"00627";"MILHO CANJICA BCA DONA CLARA 500G"
"0000003550";"00627";"MILHO CANJICA BCA DONA CLARA 500G"
"0000003722";"00627";"MILHO CANJICA BCA DONA CLARA 500G"
"0000003944";"00627";"MILHO CANJICA BCA DONA CLARA 500G"
"0000004057";"00627";"MILHO CANJICA BCA DONA CLARA 500G"
"0000004155";"00627";"MILHO CANJICA BCA DONA CLARA 500G"
"0000004257";"00627";"MILHO CANJICA BCA DONA CLARA 500G"
"0000004263";"00627";"MILHO CANJICA BCA DONA CLARA 500G"
"0000004366";"00627";"MILHO CANJICA BCA DONA CLARA 500G"
"0000004475";"00627";"MILHO CANJICA BCA DONA CLARA 500G"
"0000004537";"00627";"MILHO CANJICA BCA DONA CLARA 500G"
"0000004558";"00627";"MILHO CANJICA BCA DONA CLARA 500G"
"0000003422";"00640";"CARNE BOV MOIDA CONG FORTBOI CX10KG"
"0000003552";"00640";"CARNE BOV MOIDA CONG FORTBOI CX10KG"
"0000003721";"00640";"CARNE BOV MOIDA CONG FORTBOI CX10KG"
"0000003943";"00640";"CARNE BOV MOIDA CONG FORTBOI CX10KG"
"0000004056";"00640";"CARNE BOV MOIDA CONG FORTBOI CX10KG"
"0000004155";"00640";"CARNE BOV MOIDA CONG FORTBOI CX10KG"
"0000004257";"00640";"CARNE BOV MOIDA CONG FORTBOI CX10KG"
"0000004263";"00640";"CARNE BOV MOIDA CONG FORTBOI CX10KG"
"0000004366";"00640";"CARNE BOV MOIDA CONG FORTBOI CX10KG"
"0000004476";"00640";"CARNE BOV MOIDA CONG FORTBOI CX10KG"
"0000004537";"00640";"CARNE BOV MOIDA CONG FORTBOI CX10KG"
"0000004558";"00640";"CARNE BOV MOIDA CONG FORTBOI CX10KG"
"0000003421";"00644";"MACA NAC PEQUENA KG"
"0000003551";"00644";"MACA NAC PEQUENA KG"
"0000003720";"00644";"MACA NAC PEQUENA KG"
"0000003945";"00644";"MACA NAC PEQUENA KG"
"0000004058";"00644";"MACA NAC PEQUENA KG"
"0000004155";"00644";"MACA NAC PEQUENA KG"
"0000004257";"00644";"MACA NAC PEQUENA KG"
"0000004263";"00644";"MACA NAC PEQUENA KG"
"0000004366";"00644";"MACA NAC PEQUENA KG"
"0000004477";"00644";"MACA NAC PEQUENA KG"
"0000004537";"00644";"MACA NAC PEQUENA KG"
"0000004558";"00644";"MACA NAC PEQUENA KG"
"0000003421";"00647";"UVA NAC BENETAKA CUMBUCA 500 G GRUPO JAP"
"0000003551";"00647";"UVA NAC BENETAKA CUMBUCA 500 G GRUPO JAP"
"0000003720";"00647";"UVA NAC BENETAKA CUMBUCA 500 G GRUPO JAP"
"0000003945";"00647";"UVA NAC BENETAKA CUMBUCA 500 G GRUPO JAP"
"0000004058";"00647";"UVA NAC BENETAKA CUMBUCA 500 G GRUPO JAP"
"0000004155";"00647";"UVA NAC BENETAKA CUMBUCA 500 G GRUPO JAP"
"0000004257";"00647";"UVA NAC BENETAKA CUMBUCA 500 G GRUPO JAP"
"0000004263";"00647";"UVA NAC BENETAKA CUMBUCA 500 G GRUPO JAP"
"0000004366";"00647";"UVA NAC BENETAKA CUMBUCA 500 G GRUPO JAP"
"0000004477";"00647";"UVA NAC BENETAKA CUMBUCA 500 G GRUPO JAP"
"0000004537";"00647";"UVA NAC BENETAKA CUMBUCA 500 G GRUPO JAP"
"0000004558";"00647";"UVA NAC BENETAKA CUMBUCA 500 G GRUPO JAP"
"0000003420";"00648";"FARINHA DE TRIGO S/ FERMENTO 1KG"
"0000003550";"00648";"FARINHA DE TRIGO S/ FERMENTO 1KG"
"0000003722";"00648";"FARINHA DE TRIGO S/ FERMENTO 1KG"
"0000003944";"00648";"FARINHA DE TRIGO S/ FERMENTO 1KG"
"0000004057";"00648";"FARINHA DE TRIGO S/ FERMENTO 1KG"
"0000004155";"00648";"FARINHA DE TRIGO S/ FERMENTO 1KG"
"0000004257";"00648";"FARINHA DE TRIGO S/ FERMENTO 1KG"
"0000004263";"00648";"FARINHA DE TRIGO S/ FERMENTO 1KG"
"0000004366";"00648";"FARINHA DE TRIGO S/ FERMENTO 1KG"
"0000004475";"00648";"FARINHA DE TRIGO S/ FERMENTO 1KG"
"0000004537";"00648";"FARINHA DE TRIGO S/ FERMENTO 1KG"
"0000004558";"00648";"FARINHA DE TRIGO S/ FERMENTO 1KG"
"0000003420";"00649";"FEIJAO CARIOCA T1 JUPI"
"0000003550";"00649";"FEIJAO CARIOCA T1 JUPI"
"0000003722";"00649";"FEIJAO CARIOCA T1 JUPI"
"0000003944";"00649";"FEIJAO CARIOCA T1 JUPI"
"0000004057";"00649";"FEIJAO CARIOCA T1 JUPI"
"0000004155";"00649";"FEIJAO CARIOCA T1 JUPI"
"0000004257";"00649";"FEIJAO CARIOCA T1 JUPI"
"0000004263";"00649";"FEIJAO CARIOCA T1 JUPI"
"0000004366";"00649";"FEIJAO CARIOCA T1 JUPI"
"0000004475";"00649";"FEIJAO CARIOCA T1 JUPI"
"0000004537";"00649";"FEIJAO CARIOCA T1 JUPI"
"0000004558";"00649";"FEIJAO CARIOCA T1 JUPI"
"0000003420";"00651";"OLEO DE SOJA 900 ML"
"0000003550";"00651";"OLEO DE SOJA 900 ML"
"0000003722";"00651";"OLEO DE SOJA 900 ML"
"0000003944";"00651";"OLEO DE SOJA 900 ML"
"0000004057";"00651";"OLEO DE SOJA 900 ML"
"0000004155";"00651";"OLEO DE SOJA 900 ML"
"0000004257";"00651";"OLEO DE SOJA 900 ML"
"0000004263";"00651";"OLEO DE SOJA 900 ML"
"0000004366";"00651";"OLEO DE SOJA 900 ML"
"0000004475";"00651";"OLEO DE SOJA 900 ML"
"0000004537";"00651";"OLEO DE SOJA 900 ML"
"0000004558";"00651";"OLEO DE SOJA 900 ML"
"0000003422";"00692";"SALSICHA RESFRIADA KG"
"0000003552";"00692";"SALSICHA RESFRIADA KG"
"0000003721";"00692";"SALSICHA RESFRIADA KG"
"0000003943";"00692";"SALSICHA RESFRIADA KG"
"0000004056";"00692";"SALSICHA RESFRIADA KG"
"0000004155";"00692";"SALSICHA RESFRIADA KG"
"0000004257";"00692";"SALSICHA RESFRIADA KG"
"0000004263";"00692";"SALSICHA RESFRIADA KG"
"0000004366";"00692";"SALSICHA RESFRIADA KG"
"0000004476";"00692";"SALSICHA RESFRIADA KG"
"0000004537";"00692";"SALSICHA RESFRIADA KG"
"0000004558";"00692";"SALSICHA RESFRIADA KG"
"0000003420";"00731";"AGUA ADICONADA DE SAIS SEM GAS CONTEM 1,5 L"
"0000003550";"00731";"AGUA ADICONADA DE SAIS SEM GAS CONTEM 1,5 L"
"0000003722";"00731";"AGUA ADICONADA DE SAIS SEM GAS CONTEM 1,5 L"
"0000003944";"00731";"AGUA ADICONADA DE SAIS SEM GAS CONTEM 1,5 L"
"0000004057";"00731";"AGUA ADICONADA DE SAIS SEM GAS CONTEM 1,5 L"
"0000004155";"00731";"AGUA ADICONADA DE SAIS SEM GAS CONTEM 1,5 L"
"0000004257";"00731";"AGUA ADICONADA DE SAIS SEM GAS CONTEM 1,5 L"
"0000004263";"00731";"AGUA ADICONADA DE SAIS SEM GAS CONTEM 1,5 L"
"0000004366";"00731";"AGUA ADICONADA DE SAIS SEM GAS CONTEM 1,5 L"
"0000004475";"00731";"AGUA ADICONADA DE SAIS SEM GAS CONTEM 1,5 L"
"0000004537";"00731";"AGUA ADICONADA DE SAIS SEM GAS CONTEM 1,5 L"
"0000004558";"00731";"AGUA ADICONADA DE SAIS SEM GAS CONTEM 1,5 L"
"0000003420";"00763";"AGUA MINERAL 500 ML X 12 COM GAS PREMIUM"
"0000003550";"00763";"AGUA MINERAL 500 ML X 12 COM GAS PREMIUM"
"0000003722";"00763";"AGUA MINERAL 500 ML X 12 COM GAS PREMIUM"
"0000003944";"00763";"AGUA MINERAL 500 ML X 12 COM GAS PREMIUM"
"0000004057";"00763";"AGUA MINERAL 500 ML X 12 COM GAS PREMIUM"
"0000004155";"00763";"AGUA MINERAL 500 ML X 12 COM GAS PREMIUM"
"0000004257";"00763";"AGUA MINERAL 500 ML X 12 COM GAS PREMIUM"
"0000004263";"00763";"AGUA MINERAL 500 ML X 12 COM GAS PREMIUM"
"0000004366";"00763";"AGUA MINERAL 500 ML X 12 COM GAS PREMIUM"
"0000004475";"00763";"AGUA MINERAL 500 ML X 12 COM GAS PREMIUM"
"0000004537";"00763";"AGUA MINERAL 500 ML X 12 COM GAS PREMIUM"
"0000004558";"00763";"AGUA MINERAL 500 ML X 12 COM GAS PREMIUM"
"0000003551";"00781";"ABACATE"
"0000003720";"00781";"ABACATE"
"0000003945";"00781";"ABACATE"
"0000004058";"00781";"ABACATE"
"0000004155";"00781";"ABACATE"
"0000004257";"00781";"ABACATE"
"0000004263";"00781";"ABACATE"
"0000003421";"00782";"MANGA"
"0000003551";"00782";"MANGA"
"0000003720";"00782";"MANGA"
"0000003945";"00782";"MANGA"
"0000004058";"00782";"MANGA"
"0000004155";"00782";"MANGA"
"0000004257";"00782";"MANGA"
"0000004263";"00782";"MANGA"
"0000004366";"00782";"MANGA"
"0000004477";"00782";"MANGA"
"0000004537";"00782";"MANGA"
"0000004558";"00782";"MANGA"
"0000003421";"00783";"GOIABA"
"0000003551";"00783";"GOIABA"
"0000003720";"00783";"GOIABA"
"0000003945";"00783";"GOIABA"
"0000004058";"00783";"GOIABA"
"0000004155";"00783";"GOIABA"
"0000004257";"00783";"GOIABA"
"0000004263";"00783";"GOIABA"
"0000004366";"00783";"GOIABA"
"0000004477";"00783";"GOIABA"
"0000004537";"00783";"GOIABA"
"0000004558";"00783";"GOIABA"
"0000003421";"00784";"TANGERINA"
"0000003551";"00784";"TANGERINA"
"0000003720";"00784";"TANGERINA"
"0000003945";"00784";"TANGERINA"
"0000004058";"00784";"TANGERINA"
"0000004155";"00784";"TANGERINA"
"0000004257";"00784";"TANGERINA"
"0000004263";"00784";"TANGERINA"
"0000004366";"00784";"TANGERINA"
"0000004477";"00784";"TANGERINA"
"0000004537";"00784";"TANGERINA"
"0000004558";"00784";"TANGERINA"
"0000003422";"00785";"CARNE BOVINA TIPO COXAO DURO"
"0000003552";"00785";"CARNE BOVINA TIPO COXAO DURO"
"0000003721";"00785";"CARNE BOVINA TIPO COXAO DURO"
"0000003943";"00785";"CARNE BOVINA TIPO COXAO DURO"
"0000004056";"00785";"CARNE BOVINA TIPO COXAO DURO"
"0000004155";"00785";"CARNE BOVINA TIPO COXAO DURO"
"0000004257";"00785";"CARNE BOVINA TIPO COXAO DURO"
"0000004263";"00785";"CARNE BOVINA TIPO COXAO DURO"
"0000004366";"00785";"CARNE BOVINA TIPO COXAO DURO"
"0000004476";"00785";"CARNE BOVINA TIPO COXAO DURO"
"0000004537";"00785";"CARNE BOVINA TIPO COXAO DURO"
"0000004558";"00785";"CARNE BOVINA TIPO COXAO DURO"
"0000003420";"00786";"FEIJAO BRANCO"
"0000003550";"00786";"FEIJAO BRANCO"
"0000003722";"00786";"FEIJAO BRANCO"
"0000003944";"00786";"FEIJAO BRANCO"
"0000004057";"00786";"FEIJAO BRANCO"
"0000004155";"00786";"FEIJAO BRANCO"
"0000004257";"00786";"FEIJAO BRANCO"
"0000004263";"00786";"FEIJAO BRANCO"
"0000004366";"00786";"FEIJAO BRANCO"
"0000004475";"00786";"FEIJAO BRANCO"
"0000004537";"00786";"FEIJAO BRANCO"
"0000004558";"00786";"FEIJAO BRANCO"
"0000003420";"00787";"FEIJAO VERDE"
"0000003550";"00787";"FEIJAO VERDE"
"0000003722";"00787";"FEIJAO VERDE"
"0000003944";"00787";"FEIJAO VERDE"
"0000004057";"00787";"FEIJAO VERDE"
"0000004155";"00787";"FEIJAO VERDE"
"0000004257";"00787";"FEIJAO VERDE"
"0000004263";"00787";"FEIJAO VERDE"
"0000004366";"00787";"FEIJAO VERDE"
"0000004475";"00787";"FEIJAO VERDE"
"0000004537";"00787";"FEIJAO VERDE"
"0000004558";"00787";"FEIJAO VERDE"
"0000003420";"00788";"LEITE EM PO SEMIDESNATADO 400G"
"0000003550";"00788";"LEITE EM PO SEMIDESNATADO 400G"
"0000003722";"00788";"LEITE EM PO SEMIDESNATADO 400G"
"0000003944";"00788";"LEITE EM PO SEMIDESNATADO 400G"
"0000004057";"00788";"LEITE EM PO SEMIDESNATADO 400G"
"0000004155";"00788";"LEITE EM PO SEMIDESNATADO 400G"
"0000004257";"00788";"LEITE EM PO SEMIDESNATADO 400G"
"0000004263";"00788";"LEITE EM PO SEMIDESNATADO 400G"
"0000004366";"00788";"LEITE EM PO SEMIDESNATADO 400G"
"0000004475";"00788";"LEITE EM PO SEMIDESNATADO 400G"
"0000004537";"00788";"LEITE EM PO SEMIDESNATADO 400G"
"0000004558";"00788";"LEITE EM PO SEMIDESNATADO 400G"
"0000003944";"00790";"PROTEINA TEXTURIZADA DE SOJA"
"0000004057";"00790";"PROTEINA TEXTURIZADA DE SOJA"
"0000004155";"00790";"PROTEINA TEXTURIZADA DE SOJA"
"0000004257";"00790";"PROTEINA TEXTURIZADA DE SOJA"
"0000004263";"00790";"PROTEINA TEXTURIZADA DE SOJA"
"0000004366";"00790";"PROTEINA TEXTURIZADA DE SOJA"
"0000004475";"00790";"PROTEINA TEXTURIZADA DE SOJA"
"0000004537";"00790";"PROTEINA TEXTURIZADA DE SOJA"
"0000004558";"00790";"PROTEINA TEXTURIZADA DE SOJA"
"0000003420";"00791";"RAPADURA 500GR"
"0000003722";"00791";"RAPADURA 500GR"
"0000003944";"00791";"RAPADURA 500GR"
"0000004057";"00791";"RAPADURA 500GR"
"0000004155";"00791";"RAPADURA 500GR"
"0000004257";"00791";"RAPADURA 500GR"
"0000004263";"00791";"RAPADURA 500GR"
"0000004366";"00791";"RAPADURA 500GR"
"0000004475";"00791";"RAPADURA 500GR"
"0000004537";"00791";"RAPADURA 500GR"
"0000004558";"00791";"RAPADURA 500GR"
"0000003422";"00792";"FRANGO CONGELADO"
"0000003552";"00792";"FRANGO CONGELADO"
"0000003721";"00792";"FRANGO CONGELADO"
"0000003943";"00792";"FRANGO CONGELADO"
"0000004056";"00792";"FRANGO CONGELADO"
"0000004155";"00792";"FRANGO CONGELADO"
"0000004257";"00792";"FRANGO CONGELADO"
"0000004263";"00792";"FRANGO CONGELADO"
"0000004366";"00792";"FRANGO CONGELADO"
"0000004476";"00792";"FRANGO CONGELADO"
"0000004537";"00792";"FRANGO CONGELADO"
"0000004558";"00792";"FRANGO CONGELADO"
"0000003422";"00794";"ACEM BOVINO"
"0000003552";"00794";"ACEM BOVINO"
"0000003721";"00794";"ACEM BOVINO"
"0000003943";"00794";"ACEM BOVINO"
"0000004056";"00794";"ACEM BOVINO"
"0000004155";"00794";"ACEM BOVINO"
"0000004257";"00794";"ACEM BOVINO"
"0000004263";"00794";"ACEM BOVINO"
"0000004366";"00794";"ACEM BOVINO"
"0000004476";"00794";"ACEM BOVINO"
"0000004537";"00794";"ACEM BOVINO"
"0000004558";"00794";"ACEM BOVINO"
"0000003420";"00795";"ARROZ BARBOLIZADO"
"0000003550";"00795";"ARROZ BARBOLIZADO"
"0000003722";"00795";"ARROZ BARBOLIZADO"
"0000003944";"00795";"ARROZ BARBOLIZADO"
"0000003944";"00795";"ARROZ BARBOLIZADO"
"0000004057";"00795";"ARROZ BARBOLIZADO"
"0000004155";"00795";"ARROZ BARBOLIZADO"
"0000004257";"00795";"ARROZ BARBOLIZADO"
"0000004257";"00795";"ARROZ BARBOLIZADO"
"0000004263";"00795";"ARROZ BARBOLIZADO"
"0000004263";"00795";"ARROZ BARBOLIZADO"
"0000004366";"00795";"ARROZ BARBOLIZADO"
"0000004475";"00795";"ARROZ BARBOLIZADO"
"0000004537";"00795";"ARROZ BARBOLIZADO"
"0000004558";"00795";"ARROZ BARBOLIZADO"
"0000003421";"00812";"ABACATE KG"
"0000004366";"00812";"ABACATE KG"
"0000004477";"00812";"ABACATE KG"
"0000004537";"00812";"ABACATE KG"
"0000004558";"00812";"ABACATE KG"
"0000003420";"00830";"BISCOITO DOCE TIPO MAIZENA"
"0000003550";"00830";"BISCOITO DOCE TIPO MAIZENA"
"0000003722";"00830";"BISCOITO DOCE TIPO MAIZENA"
"0000003944";"00830";"BISCOITO DOCE TIPO MAIZENA"
"0000004057";"00830";"BISCOITO DOCE TIPO MAIZENA"
"0000004155";"00830";"BISCOITO DOCE TIPO MAIZENA"
"0000004257";"00830";"BISCOITO DOCE TIPO MAIZENA"
"0000004263";"00830";"BISCOITO DOCE TIPO MAIZENA"
"0000004366";"00830";"BISCOITO DOCE TIPO MAIZENA"
"0000004475";"00830";"BISCOITO DOCE TIPO MAIZENA"
"0000004537";"00830";"BISCOITO DOCE TIPO MAIZENA"
"0000004558";"00830";"BISCOITO DOCE TIPO MAIZENA"
"0000003420";"00831";"FERMENTO BIOLOGICO PARA PAO 500G"
"0000003550";"00831";"FERMENTO BIOLOGICO PARA PAO 500G"
"0000003722";"00831";"FERMENTO BIOLOGICO PARA PAO 500G"
"0000003944";"00831";"FERMENTO BIOLOGICO PARA PAO 500G"
"0000004057";"00831";"FERMENTO BIOLOGICO PARA PAO 500G"
"0000004155";"00831";"FERMENTO BIOLOGICO PARA PAO 500G"
"0000004257";"00831";"FERMENTO BIOLOGICO PARA PAO 500G"
"0000004263";"00831";"FERMENTO BIOLOGICO PARA PAO 500G"
"0000004366";"00831";"FERMENTO BIOLOGICO PARA PAO 500G"
"0000004475";"00831";"FERMENTO BIOLOGICO PARA PAO 500G"
"0000004537";"00831";"FERMENTO BIOLOGICO PARA PAO 500G"
"0000004558";"00831";"FERMENTO BIOLOGICO PARA PAO 500G"
"0000003420";"00835";"LEITE EM PO  INTEGRAL 400GR"
"0000003550";"00835";"LEITE EM PO  INTEGRAL 400GR"
"0000003722";"00835";"LEITE EM PO  INTEGRAL 400GR"
"0000003944";"00835";"LEITE EM PO  INTEGRAL 400GR"
"0000004057";"00835";"LEITE EM PO  INTEGRAL 400GR"
"0000004155";"00835";"LEITE EM PO  INTEGRAL 400GR"
"0000004257";"00835";"LEITE EM PO  INTEGRAL 400GR"
"0000004263";"00835";"LEITE EM PO  INTEGRAL 400GR"
"0000004366";"00835";"LEITE EM PO  INTEGRAL 400GR"
"0000004475";"00835";"LEITE EM PO  INTEGRAL 400GR"
"0000004537";"00835";"LEITE EM PO  INTEGRAL 400GR"
"0000004558";"00835";"LEITE EM PO  INTEGRAL 400GR"
